{
  "id": "foundry-tube",
  "title": "Foundry Tube",
  "version": "1.4.0",
  "compatibility": {
    "minimum": "13",
    "verified": "13"
  },
  "authors": [
    {
      "name": "shrade",
      "url": "https://github.com/shradee",
      "discord": "shrade_himself"
    }
  ],
  "relationships": {
    "systems": []
  },
  "esmodules": [
    "scripts/main.js"
  ],
  "styles": [
    "styles/style.css"
  ],
  "socket": true,
  "url": "https://github.com/shradee/foundry-tube",
  "manifest": "https://github.com/shradee/foundry-tube/releases/latest/download/module.json",
  "download": "https://github.com/shradee/foundry-tube/releases/latest/download/module.zip",
  "description": "A compact, synchronized YouTube player for Foundry VTT with playlist support, searching, and presets."
}
